{
  "n_total": 7214,
  "n_train": 5049,
  "n_test": 2165,
  "positive_rate_test": 0.45080831408775984,
  "accuracy": 0.6697459584295612,
  "precision": 0.6581818181818182,
  "recall": 0.5563524590163934,
  "random_state": 42,
  "test_size": 0.3,
  "model": "LogisticRegression"
}